"Code","Name"
"4106.TW","雃博"
"8916.TWO","光隆"
"2601.TW","益航"
"6170.TWO","統振"
"2441.TW","超豐"
"5489.TWO","彩富"
"1471.TW","首利"
"3056.TW","總太地產"
"2406.TW","國碩"
"2361.TW","鴻友"
"9955.TW","佳龍"
"3010.TW","華立"
"2888.TW","新光金"
"8908.TWO","欣雄"
"1436.TW","福益"
"1711.TW","永光化學"
"8932.TWO","宏大"
"6146.TWO","耕興"
"4141.TW","F-龍燈"
"6154.TWO","順發"
"2596.TWO","綠意"
"3617.TW","碩天"
"1516.TW","川飛"
"2727.TW","王品"
"8924.TWO","大田"
"3083.TWO","網龍"
"8111.TWO","立碁"
"8114.TW","振樺電子"
"3431.TWO","長天"
"5210.TWO","寶碩"
"1504.TW","東元電機"
"1229.TW","聯華實業"
"4529.TWO","雷風"
"6139.TW","亞翔"
"6227.TWO","茂綸"
"9949.TWO","琉園"
"3512.TWO","能緹"
"4707.TWO","磐亞"
"1402.TW","遠東新"
"5426.TWO","振發"
"5701.TWO","劍湖山"
"6115.TW","鎰勝"
"3044.TW","健鼎"
"4939.TWO","亞電"
"5604.TWO","中連貨"
"2395.TW","研華"
"8182.TWO","加高"
"5016.TWO","松和"
"1723.TW","中鋼碳素"
"9943.TW","好樂迪"
"1310.TW","臺灣苯乙烯"
"8085.TWO","福華"
"8077.TWO","冠華"
"6196.TW","帆宣"
"8069.TWO","元太"
"8411.TW","F-福貞"
"5450.TWO","寶聯通"
"2739.TW","寒舍"
"1787.TWO","福盈科"
"6298.TWO","崴強"
"6230.TW","超眾"
"5305.TW","敦南"
"2314.TW","台揚"
"5345.TWO","天揚"
"1103.TW","嘉新水泥"
"2453.TW","凌群"
"3605.TW","宏致電子"
"5203.TW","訊連"
"8433.TWO","弘帆"
"8092.TWO","建暐"
"5706.TW","鳳凰旅遊"
"8416.TWO","實威"
"3022.TW","威達電"
"2373.TW","震旦行"
"9908.TW","大台北瓦斯"
"8926.TW","台汽電"
"4126.TWO","太醫"
"1309.TW","台達化"
"1414.TW","東和紡織"
"3067.TWO","全域"
"3515.TW","華擎"
"5516.TWO","雙喜"
"4207.TWO","環泰"
"3596.TW","智易科技"
"2348.TW","力廣"
"6138.TWO","茂達"
"9931.TW","欣高"
"2017.TW","官田鋼"
"2475.TW","華映"
"5225.TW","東科控股"
"2062.TW","橋椿金屬"
"2705.TW","六福"
"5202.TWO","力新"
"3308.TW","聯德電子"
"1538.TW","正峰新"
"4401.TWO","東隆"
"6219.TWO","富旺"
"3325.TWO","旭品"
"3698.TW","隆達電子"
"9945.TW","潤泰新"
"2351.TW","順德"
"6278.TW","台表科"
"8925.TWO","偉盟"
"1541.TW","錩泰"
"2511.TW","太子"
"6242.TWO","亨豐"
"6218.TWO","豪勉"
"2497.TW","怡利電"
"3066.TWO","李洲"
"1570.TWO","力肯"
"3252.TWO","海灣"
"5522.TW","遠雄建設"
"6129.TWO","普誠"
"4305.TWO","世坤"
"2832.TW","台灣產物"
"2451.TW","創見"
"6152.TW","百一"
"5498.TWO","凱崴"
"6234.TWO","高僑"
"2637.TW","F-慧洋"
"2912.TW","統一超商"
"6163.TWO","華電網"
"1907.TW","永豐餘"
"1219.TW","福壽"
"3317.TWO","尼克森"
"1733.TW","五鼎"
"3664.TWO","安瑞"
"5015.TWO","華祺"
"2385.TW","群光"
"9933.TW","中鼎"
"5488.TWO","松普"
"5506.TWO","長鴻"
"2015.TW","豐興鋼鐵"
"2428.TW","興勤"
"5211.TWO","蒙恬"
"0055.TW","寶金融"
"4609.TWO","唐鋒"
"8931.TWO","大汽電"
"3567.TWO","逸昌"
"2611.TW","志信"
"4532.TW","瑞智"
"6228.TWO","全譜"
"8046.TW","南電"
"4706.TWO","大恭"
"2485.TW","兆赫"
"5344.TWO","立衛"
"5530.TWO","龍巖"
"8424.TWO","惠普"
"5272.TWO","笙科"
"3646.TWO","艾恩特"
"8183.TWO","精星"
"3484.TWO","崧騰"
"8093.TWO","保銳"
"1528.TW","恩德科技"
"2324.TW","仁寶"
"2049.TW","上銀科技"
"8255.TWO","朋程"
"3054.TW","萬國"
"2363.TW","矽統"
"4906.TW","正文"
"5523.TWO","宏都"
"1319.TW","東陽"
"4716.TWO","大立"
"6164.TW","華興電子"
"3388.TWO","崇越電"
"3663.TWO","鑫科"
"5009.TWO","榮剛"
"4972.TWO","湯石"
"3299.TWO","帛漢"
"9921.TW","巨大機械"
"8081.TW","致新"
"3584.TW","介面光電"
"3680.TWO","家登"
"5880.TW","合庫金控"
"8112.TW","至上"
"2820.TW","華票"
"2545.TW","皇翔"
"3228.TWO","金麗"
"5355.TWO","佳總"
"4304.TWO","勝昱"
"6199.TWO","精威"
"2302.TW","麗正"
"2027.TW","大成鋼"
"3032.TW","偉訓"
"1506.TW","正道"
"2109.TW","華豐橡膠"
"5201.TWO","凱衛"
"9151.TW","旺旺"
"8076.TWO","伍豐"
"3550.TW","聯穎"
"8996.TWO","高力"
"3380.TW","明泰"
"1446.TW","宏和紡織"
"1721.TW","三晃"
"2397.TW","友通"
"1220.TW","台榮"
"4108.TW","懷特"
"9106.TW","新焦點"
"3520.TWO","振維"
"8059.TWO","凱碩"
"1805.TW","寶徠建設"
"6233.TWO","旺玖"
"3162.TWO","精確"
"5703.TWO","亞都"
"2421.TW","建準"
"6180.TWO","橘子"
"1468.TW","昶和纖維"
"2467.TW","志聖"
"3024.TW","憶聲"
"2501.TW","國建"
"9906.TW","興達"
"2358.TW","美格"
"1307.TW","三芳化工"
"6261.TWO","久元"
"8083.TWO","瑞穎"
"1737.TW","臺鹽"
"1789.TW","台灣神隆"
"8040.TWO","九暘"
"2547.TW","日勝生"
"5460.TWO","同協"
"8091.TWO","翔名"
"2025.TW","千興"
"2455.TW","全新"
"4722.TW","國精化學"
"8121.TWO","越峰"
"8930.TWO","青鋼"
"3443.TW","創意"
"4152.TWO","台微體"
"1536.TW","和大"
"3093.TWO","港建"
"6148.TWO","驊宏資"
"3231.TW","緯創"
"8423.TWO","F-保綠"
"5347.TWO","世界先進"
"2328.TW","廣宇"
"5505.TWO","和旺"
"1524.TW","耿鼎"
"4104.TW","佳醫"
"2221.TWO","大甲"
"3048.TW","益登"
"3379.TWO","彬台"
"3002.TW","歐格"
"2035.TWO","唐榮"
"2433.TW","互盛電"
"2408.TW","南科"
"0057.TW","FB摩台"
"5264.TW","F-鎧勝"
"1434.TW","福懋"
"8086.TWO","宏捷"
"2886.TW","兆豐金"
"1232.TW","大統益"
"3535.TW","晶彩科"
"3058.TW","立德"
"1815.TWO","富喬"
"5603.TWO","陸海"
"4746.TW","台耀化學"
"3521.TWO","鴻翊"
"911608.TW","明輝"
"1785.TWO","光洋料"
"8299.TWO","群聯"
"4973.TWO","廣穎"
"006208.TW","FB台50"
"1742.TWO","台蠟"
"4911.TWO","德英"
"6286.TW","立錡科技"
"4903.TWO","聯光通"
"1777.TWO","生泰"
"4946.TWO","辣椒"
"5452.TWO","佶優"
"3479.TWO","安勤"
"4109.TWO","加捷"
"4303.TWO","信立化"
"6198.TWO","凌泰"
"2849.TW","安泰商銀"
"1210.TW","大成長城"
"1456.TW","怡華"
"1583.TW","程泰"
"3036.TW","文曄"
"2105.TW","正新橡膠"
"3557.TW","嘉威光電"
"1725.TW","元禎"
"911201.TW","僑威"
"2535.TW","達欣工"
"2852.TW","第一保"
"3501.TW","維熹科技"
"0080.TW","恒中國"
"9928.TW","中國電視"
"2059.TW","川湖"
"1909.TW","榮成紙業"
"2393.TW","億光"
"6161.TWO","捷波"
"2489.TW","瑞軒"
"5704.TWO","老爺知"
"1526.TW","日馳"
"5102.TWO","富強"
"6117.TW","迎廣"
"2884.TW","玉山金"
"2477.TW","美隆電"
"8917.TWO","欣泰"
"1432.TW","大魯閣"
"6127.TWO","九豪"
"4402.TWO","福大"
"2723.TW","F-美食"
"2316.TW","楠梓電"
"006206.TW","元上證"
"3171.TWO","新洲"
"3607.TW","谷崧精密"
"2371.TW","大同"
"5534.TW","長虹"
"1701.TW","中國化學"
"1558.TW","伸興"
"3163.TWO","波若威"
"8078.TW","華寶通訊"
"3092.TWO","鴻碩"
"6147.TWO","頎邦"
"4974.TWO","亞泰"
"3236.TWO","千如"
"8079.TWO","誠遠"
"2537.TW","聯上開發"
"2107.TW","厚生"
"1333.TWO","恩得利"
"3559.TW","全智科技"
"1813.TWO","寶利徠"
"8084.TWO","巨虹"
"2608.TW","嘉里大榮"
"3034.TW","聯詠"
"9802.TW","F-鈺齊"
"6184.TW","大豐電"
"1618.TW","合機電纜"
"2850.TW","新光產險"
"3064.TWO","泰偉"
"2431.TW","聯昌"
"3191.TWO","和進"
"1444.TW","力麗"
"3522.TWO","宏森"
"1608.TW","華榮"
"3264.TWO","欣銓"
"2013.TW","中鋼構"
"5432.TWO","達威"
"4947.TWO","昂寶"
"9918.TW","欣天然"
"1713.TW","國泰化工"
"3686.TW","達能科技"
"4123.TWO","晟德"
"1599.TWO","宏佳騰"
"1514.TW","亞力電機"
"1338.TW","F-廣華"
"1409.TW","新光合纖"
"5353.TWO","台林"
"2465.TW","麗臺"
"5425.TWO","台半"
"2910.TW","統領百貨"
"5310.TWO","天剛"
"9946.TWO","三發"
"3416.TWO","融程電"
"1466.TW","聚隆纖維"
"5274.TWO","信驊"
"6172.TW","互億"
"1410.TW","南洋染整"
"1735.TW","日勝化工"
"1305.TW","華夏塑膠"
"2383.TW","台光電"
"2499.TW","東貝"
"3085.TWO","久大"
"6160.TWO","欣技"
"8923.TWO","時報"
"1234.TW","黑松"
"2701.TW","萬企"
"2443.TW","新利虹"
"9941.TW","裕融"
"6209.TW","今國光學"
"3046.TW","建碁"
"2338.TW","光罩"
"1784.TWO","訊聯"
"5349.TWO","先豐"
"3306.TWO","鼎天"
"2332.TW","友訊"
"0059.TW","FB金融"
"5438.TWO","東友"
"2034.TW","允強"
"3675.TWO","德微"
"3489.TWO","森寶"
"2538.TW","基泰"
"8039.TW","台虹"
"3703.TW","欣陸"
"1304.TW","台灣聚合"
"6133.TW","金橋"
"3062.TW","建漢"
"4510.TWO","高鋒"
"4703.TWO","揚華"
"2924.TWO","F-東凌"
"6103.TWO","合邦"
"5484.TW","慧友"
"3490.TWO","單井"
"4154.TWO","F-康樂"
"2618.TW","長榮航"
"3217.TWO","優群"
"6111.TWO","大宇"
"6231.TWO","系微"
"6283.TW","淳安電子"
"8049.TWO","晶采"
"8421.TWO","旭源"
"8131.TW","福懋科技"
"4711.TWO","永純"
"2847.TW","大眾商銀"
"006204.TW","豐臺灣"
"2904.TW","匯僑"
"1808.TW","潤隆"
"1454.TW","臺灣富綢"
"2103.TW","台橡"
"2882.TW","國泰金"
"6182.TWO","合晶"
"4502.TWO","源恆"
"6118.TWO","建達"
"1236.TW","宏亞食品"
"3144.TWO","新揚"
"1614.TW","三洋電機"
"1339.TW","昭輝"
"6224.TW","聚鼎科技"
"2022.TW","聚亨"
"3474.TW","華亞科"
"8042.TWO","金山"
"9926.TW","新海瓦斯"
"2206.TW","三陽工業"
"4944.TWO","兆遠"
"3027.TW","盛達"
"8034.TWO","榮群"
"3078.TWO","僑威"
"8289.TWO","泰藝"
"1717.TW","長興化學"
"3086.TWO","華義"
"5493.TWO","三聯"
"6603.TWO","富強鑫"
"9914.TW","美利達"
"3050.TW","鈺德"
"1419.TW","新光紡織"
"1476.TW","儒鴻企業"
"1533.TW","車王電"
"8107.TWO","大億"
"911611.TW","中泰山"
"3434.TWO","哲固"
"2597.TW","潤弘精密"
"2801.TW","彰銀"
"4743.TWO","合一"
"2356.TW","英業達"
"6202.TW","盛群"
"3176.TWO","基亞"
"6247.TWO","淇譽"
"3005.TW","神基"
"1762.TW","中化合成"
"8088.TWO","品安"
"0060.TW","新台灣"
"5478.TWO","智冠"
"3105.TWO","穩懋"
"1626.TW","F-艾美"
"6145.TW","勁永"
"1326.TW","台灣化纖"
"6240.TWO","松崗"
"3562.TWO","頂晶"
"5309.TWO","系統"
"2492.TW","華新科"
"3287.TWO","廣寰"
"2606.TW","裕民"
"3071.TWO","協禧"
"6270.TWO","倍微"
"2722.TW","夏都"
"1108.TW","幸福水泥"
"6174.TWO","安碁"
"2504.TW","國產"
"8905.TWO","裕國"
"8935.TWO","邦泰"
"1442.TW","名軒"
"5520.TWO","力泰"
"8210.TW","勤誠興業"
"3234.TWO","光環"
"1715.TW","亞洲化學"
"5531.TW","鄉林建設"
"6188.TWO","廣明"
"2009.TW","第一伸銅"
"3533.TW","嘉澤"
"4129.TWO","聯合"
"2368.TW","金像"
"3579.TW","尚志"
"4153.TWO","鈺緯"
"5348.TWO","系通"
"1417.TW","嘉裕"
"1452.TW","宏益纖維"
"3218.TWO","大學光"
"1535.TW","中宇"
"2342.TW","茂矽"
"2528.TW","皇普"
"4526.TW","東台"
"8171.TWO","天宇"
"2480.TW","敦陽科"
"4712.TWO","南璋"
"8234.TWO","新漢"
"8048.TWO","德勝"
"1590.TW","F-亞德"
"3450.TW","聯鈞"
"1464.TW","得力"
"2413.TW","環科"
"3003.TW","健和興"
"2724.TWO","F-富驛"
"9157.TW","陽光能"
"910861.TW","神州"
"8435.TWO","鉅邁"
"3622.TW","洋華"
"3491.TWO","昇達"
"8427.TW","F-基勝"
"2516.TW","新建"
"3508.TWO","位速"
"3402.TWO","漢科"
"5439.TWO","高技"
"3312.TW","弘憶股"
"3037.TW","欣興"
"6108.TW","競國實業"
"5351.TWO","鈺創"
"8406.TWO","F-金可"
"1727.TW","中華化"
"1314.TW","中石化"
"4927.TWO","泰鼎"
"3545.TW","旭曜"
"2837.TW","萬泰銀行"
"5206.TWO","坤悅"
"2892.TW","第一金"
"1440.TW","台南紡織"
"2330.TW","台積電"
"6192.TW","巨路"
"3689.TWO","湧德"
"2032.TW","新鋼工業"
"1902.TW","台灣紙業"
"4912.TWO","F-聯德"
"6246.TWO","臺龍"
"2231.TW","為升"
"3015.TW","全漢"
"0050.TW","台灣50"
"5205.TWO","漢康"
"2423.TW","固緯"
"3290.TWO","東浦"
"6229.TWO","研通"
"4168.TWO","醣聯"
"9904.TW","寶成工業"
"8176.TWO","智捷"
"3531.TWO","先益"
"3060.TW","銘異"
"8087.TWO","華鎂鑫"
"2616.TW","山隆"
"3362.TWO","先進"
"3546.TWO","宇峻"
"3288.TWO","點晶"
"3049.TW","和鑫"
"2457.TW","飛宏"
"2010.TW","春源鋼鐵"
"8936.TWO","國統"
"9938.TW","百和"
"1474.TW","弘裕"
"8921.TWO","沈氏"
"2208.TW","台船公司"
"3691.TWO","碩禾"
"2401.TW","凌陽"
"4114.TWO","健喬"
"1616.TW","億泰電纜"
"6173.TWO","信昌電"
"6285.TW","啟碁"
"910069.TW","新曄"
"6156.TWO","松上"
"5906.TW","F-台南"
"3202.TWO","樺晟"
"3563.TWO","牧德"
"6241.TWO","易通展"
"3073.TWO","普格"
"8163.TW","達方電子"
"4527.TWO","方土霖"
"2926.TWO","誠品生"
"3094.TW","聯傑國際"
"6101.TWO","弘捷"
"6251.TW","定穎電子"
"2640.TWO","大車隊"
"9912.TW","偉聯科技"
"8047.TWO","星雲"
"5278.TWO","尚凡"
"5464.TWO","霖宏"
"8934.TWO","衡平"
"6216.TW","居易"
"9958.TW","世紀鋼"
"1101.TW","臺灣水泥"
"2312.TW","金寶"
"8349.TWO","友信"
"1531.TW","高林股"
"3332.TWO","幸康"
"4128.TWO","中天"
"6217.TWO","中探針"
"1720.TW","生達化學"
"8403.TWO","盛弘"
"2484.TW","希華"
"2707.TW","晶華酒店"
"5469.TW","瀚宇博德"
"3088.TWO","艾訊"
"1324.TW","地球"
"3030.TW","德律"
"2364.TW","倫飛"
"2506.TW","太設"
"2449.TW","京元電"
"3131.TWO","弘塑"
"2833.TW","台灣人壽"
"6153.TW","嘉聯益"
"3219.TWO","倚強"
"6245.TWO","立端"
"8418.TWO","F-必勝"
"3705.TW","永信"
"1604.TW","聲寶"
"3662.TWO","樂陞"
"3019.TW","亞洲光學"
"1589.TW","F-永冠"
"3494.TW","誠研"
"2472.TW","立隆電"
"2427.TW","三商電"
"8261.TW","富鼎先進"
"6131.TW","悠克"
"911868.TW","真明麗"
"1216.TW","統一企業"
"4958.TW","F-臻鼎"
"1439.TW","中和羊毛"
"910708.TW","新傳媒"
"3118.TWO","進階"
"6281.TW","全國電"
"4728.TWO","雙美"
"2906.TW","高林實業"
"8032.TWO","光菱"
"2880.TW","華南金"
"9934.TW","成霖"
"3289.TWO","宜特"
"3599.TW","旺能光電"
"3577.TWO","泓格"
"2020.TW","美亞"
"3356.TW","奇偶科技"
"2450.TW","神腦"
"6144.TWO","得利影"
"6165.TW","捷泰"
"2204.TW","中華汽車"
"1612.TW","宏泰電工"
"6187.TWO","萬潤"
"6016.TWO","康和證"
"1258.TWO","F-其祥"
"4113.TWO","聯上"
"2376.TW","技嘉"
"3042.TW","晶技"
"1312.TW","國喬石化"
"2030.TW","彰源"
"5388.TW","中磊"
"2890.TW","永豐金控"
"1904.TW","正隆"
"2823.TW","中國人壽"
"2460.TW","建通"
"1730.TW","花仙子"
"3518.TW","柏騰"
"6259.TWO","百徽"
"3052.TW","夆典"
"5536.TWO","聖暉"
"3017.TW","奇鋐"
"2101.TW","南港輪胎"
"2855.TW","統一證券"
"2614.TW","東森"
"4904.TW","遠傳"
"5392.TWO","應華"
"0052.TW","FB科技"
"3260.TWO","威剛"
"6171.TWO","亞銳士"
"2425.TW","承啟"
"6005.TW","群益證"
"4429.TWO","聚紡"
"8074.TWO","鉅橡"
"6189.TW","豐藝"
"1449.TW","佳和實業"
"9902.TW","台火開發"
"8933.TWO","愛地雅"
"2029.TW","盛餘"
"8271.TW","宇瞻"
"2354.TW","鴻準"
"2459.TW","敦吉"
"2543.TW","皇昌"
"3376.TW","新日興"
"1521.TW","大億"
"3089.TWO","展成"
"8147.TWO","正淩"
"4938.TW","和碩"
"1472.TW","三洋紡織"
"5508.TWO","永信"
"3189.TW","景碩"
"8374.TW","羅昇"
"5491.TWO","連展"
"6287.TWO","元隆"
"6214.TW","精誠"
"1437.TW","勤益"
"2889.TW","國票金"
"6244.TWO","茂迪"
"2388.TW","威盛"
"4528.TWO","江興"
"1788.TWO","杏昌"
"6803.TWO","崑鼎"
"5321.TWO","友銓"
"5364.TWO","易福"
"3040.TW","遠見"
"2867.TW","三商壽"
"2437.TW","旺詮"
"2007.TW","燁興"
"5263.TWO","智崴"
"6158.TWO","禾昌"
"4133.TW","亞諾法"
"6177.TW","達麗"
"8432.TWO","東生華"
"1707.TW","葡萄王"
"4513.TWO","福裕"
"3548.TWO","兆利"
"1460.TW","宏遠"
"6015.TWO","宏遠證"
"2482.TW","連宇"
"2415.TW","錩新"
"2845.TW","遠東商銀"
"5609.TWO","中菲行"
"4729.TWO","熒茂"
"8906.TWO","花王"
"8072.TW","陞泰科技"
"1259.TWO","安心"
"6186.TWO","新潤"
"6271.TW","同欣電子"
"2344.TW","華邦電"
"4413.TWO","飛寶"
"4127.TWO","天良"
"6155.TW","鈞寶電子"
"1729.TW","必翔"
"6143.TWO","振曜"
"4714.TWO","永捷"
"3232.TWO","昱捷"
"6226.TW","光鼎電子"
"3029.TW","零壹"
"3360.TWO","尚立"
"9924.TW","臺灣福興"
"5403.TWO","中菲"
"3438.TWO","類比"
"3527.TWO","聚積"
"3514.TW","昱晶能源"
"6505.TW","台塑化"
"5306.TWO","桂盟"
"5314.TWO","世紀"
"3624.TWO","光頡"
"2464.TW","盟立"
"5209.TWO","新鼎"
"3632.TWO","研勤"
"2028.TW","威致"
"2303.TW","聯電"
"1218.TW","泰山"
"2108.TW","南帝化工"
"3268.TWO","海德威"
"1459.TW","聯發紡織"
"1734.TW","杏輝藥品"
"2349.TW","錸德"
"1413.TW","宏洲化工"
"4725.TW","信昌化工"
"1586.TWO","和勤"
"3033.TW","威健"
"4908.TWO","前鼎"
"2384.TW","勝華"
"8383.TWO","千附"
"4924.TWO","欣厚"
"2509.TW","全坤建"
"4103.TWO","百略"
"4164.TW","承業生醫"
"2704.TW","國賓"
"2429.TW","銘旺科"
"9950.TWO","萬國"
"1539.TW","巨庭機械"
"4111.TWO","濟生"
"6509.TWO","聚和"
"8053.TWO","巨擘"
"5490.TWO","同亨"
"6274.TWO","台燿"
"3481.TW","群創光電"
"5474.TWO","聰泰"
"6277.TW","宏正"
"2417.TW","圓剛"
"8011.TW","台通光電"
"9188.TW","精熙"
"2476.TW","鉅祥"
"910579.TW","歐聖"
"3583.TW","辛耘"
"2911.TW","麗嬰房"
"3284.TWO","太普高"
"4987.TWO","科誠"
"4737.TW","華廣"
"1906.TW","寶隆"
"6212.TWO","理銘"
"2718.TWO","桃園店"
"1264.TWO","德麥"
"6114.TWO","翔昇"
"4506.TWO","崇友"
"3205.TWO","佰研"
"6123.TWO","上奇"
"5007.TW","三星科技"
"1321.TW","大洋"
"2498.TW","宏達電"
"5902.TWO","德記"
"6128.TW","上福"
"0054.TW","台商50"
"3653.TW","健策"
"1722.TW","台灣肥料"
"2430.TW","燦坤"
"1447.TW","力鵬"
"2201.TW","裕隆汽車"
"2337.TW","旺宏"
"2612.TW","中航"
"3310.TWO","佳穎"
"3045.TW","台灣大哥大"
"1256.TWO","F-鮮活"
"4416.TWO","三圓"
"6204.TWO","艾華"
"4942.TW","嘉彰"
"2486.TW","一詮"
"2006.TW","東和鋼鐵"
"5465.TWO","富驊"
"6266.TWO","泰詠"
"6185.TWO","幃翔"
"4919.TW","新唐科技"
"2841.TW","台開"
"3296.TW","勝德"
"2405.TW","浩鑫"
"1802.TW","臺灣玻璃"
"1527.TW","鑽全"
"4995.TWO","晶達"
"3011.TW","今皓"
"2362.TW","藍天"
"2923.TW","F-鼎固"
"1470.TW","大統染"
"6289.TW","華上"
"3551.TWO","世禾"
"8422.TW","可寧衛"
"3276.TWO","宇環"
"8940.TW","新天地"
"3293.TWO","鈊象"
"8401.TWO","白紗"
"1308.TW","亞聚"
"3552.TWO","同致"
"8390.TWO","金益鼎"
"3188.TWO","安茂"
"2439.TW","美律"
"1781.TWO","合世"
"3665.TW","F-貿聯"
"3625.TWO","西勝"
"3149.TW","正達國際"
"3229.TW","晟鈦"
"3504.TW","揚明光"
"2474.TW","可成"
"2534.TW","宏盛"
"4120.TWO","友華"
"4119.TW","旭富"
"4956.TW","光鋐科技"
"1569.TWO","濱川"
"8277.TWO","商丞"
"9951.TWO","皇田"
"4994.TWO","傳奇"
"1709.TW","和益化工"
"9105.TW","泰金寶"
"6206.TW","飛捷"
"3615.TWO","安可"
"4933.TWO","友輝"
"3043.TW","科風"
"4907.TWO","春雨"
"8287.TWO","英格爾"
"911619.TW","HISAKA"
"6291.TWO","沛亨"
"2325.TW","矽品"
"1529.TW","樂士"
"3055.TW","蔚華科"
"2908.TW","特力"
"6194.TWO","育富"
"8070.TW","長華電材"
"3573.TW","穎台科技"
"913889.TW","大成糖"
"4930.TW","燦星網"
"8054.TWO","安國"
"3303.TWO","岱稜"
"1423.TW","利華羊毛"
"3206.TWO","志豐"
"1469.TW","理隆纖維"
"2374.TW","佳能"
"2462.TW","良得電"
"6220.TWO","岳豐"
"6203.TWO","海韻"
"1732.TW","毛寶"
"2347.TW","聯強"
"1457.TW","宜進"
"3638.TW","F-IML"
"1540.TW","喬福機械"
"6290.TWO","良維"
"6107.TWO","華美"
"5903.TWO","全家"
"3213.TWO","茂訊"
"9944.TW","新麗"
"3230.TWO","錦明"
"6124.TWO","業強"
"3561.TW","昇陽光電"
"8044.TWO","網家"
"1336.TWO","台翰"
"1605.TW","華新麗華"
"2352.TW","佳世達"
"2440.TW","太空梭"
"5820.TWO","日盛金"
"1231.TW","聯華食品"
"0056.TW","高股息"
"6141.TW","柏承科技"
"6508.TWO","惠光"
"8240.TWO","華宏"
"6197.TW","佳必琪"
"2887.TW","台新金"
"4415.TWO","美嘉電"
"1710.TW","東聯化學"
"1435.TW","中福國際"
"4142.TW","國光生技"
"3373.TWO","熱映"
"9910.TW","豐泰企業"
"2496.TW","卓越成功"
"2913.TW","臺灣農林"
"5483.TWO","中美晶"
"3631.TWO","晟楠"
"8101.TW","華冠"
"5521.TW","工信"
"4432.TWO","銘旺"
"2313.TW","華通"
"2038.TW","海光企業"
"1104.TW","環球水泥"
"6130.TWO","基因"
"1517.TW","利奇機械"
"6113.TWO","亞矽"
"3021.TW","衛展資訊"
"6702.TW","復興航空"
"5466.TWO","泰林"
"3390.TWO","旭軟"
"6284.TWO","佳邦"
"910948.TW","Z-OBEE"
"5480.TWO","統盟"
"6276.TWO","安鈦克"
"5251.TWO","天鉞"
"3294.TWO","英濟"
"2609.TW","陽明"
"8071.TWO","能率"
"3642.TWO","駿熠"
"3685.TWO","政翔"
"3059.TW","華晶科"
"4952.TW","凌通科技"
"2014.TW","中鴻"
"1233.TW","天仁"
"2444.TW","友旺"
"2851.TW","中再保"
"3305.TW","昇貿科技"
"5515.TW","建國"
"2524.TW","京城"
"9929.TW","秋雨創新"
"2610.TW","華航"
"3047.TW","訊舟"
"2002.TW","中國鋼鐵"
"3454.TW","晶睿"
"1445.TW","大宇紡織"
"3444.TWO","利機"
"4121.TWO","優盛"
"5234.TW","達興材料"
"2329.TW","華泰"
"1525.TW","江申"
"3266.TWO","昇陽"
"6024.TWO","群益期"
"2816.TW","旺旺保險"
"6605.TW","帝寶"
"2885.TW","元大金"
"3207.TWO","耀勝"
"1584.TWO","精剛"
"3363.TWO","上詮"
"3013.TW","晟銘電"
"3419.TW","譁裕"
"6195.TWO","詩肯"
"1560.TW","中砂"
"006207.TW","FH滬深"
"2233.TWO","宇隆"
"5871.TW","F-中租"
"4934.TW","太極能源"
"911609.TW","揚子江"
"6136.TW","富爾特"
"6105.TWO","瑞傳"
"5304.TWO","鼎創達"
"3537.TWO","堡達"
"1702.TW","南僑化工"
"5533.TW","皇鼎建設"
"0015.TW","富邦"
"3673.TW","F-TPK"
"6140.TWO","訊達"
"1736.TW","喬山"
"8008.TW","建興電"
"2546.TW","根基"
"5395.TWO","圓方"
"5467.TWO","聯福生"
"5904.TWO","寶雅"
"8043.TWO","蜜望實"
"2456.TW","奇力新"
"3593.TW","力銘科技"
"2382.TW","廣達"
"2901.TW","欣欣大眾"
"2340.TW","光磊"
"4523.TWO","永彰"
"2702.TW","華園"
"1617.TW","榮星電線"
"5607.TW","遠雄港"
"2838.TW","聯邦銀行"
"8937.TWO","合騏"
"9940.TW","信義"
"1714.TW","和桐化學"
"4702.TWO","中美實"
"4745.TWO","F-合富"
"9960.TWO","邁達康"
"3372.TWO","典範"
"3630.TWO","新鉅"
"1609.TW","大亞電纜"
"2729.TWO","瓦城"
"3291.TWO","遠翔"
"6210.TWO","慶生"
"2478.TW","大毅"
"9917.TW","中保"
"5324.TWO","士林"
"3259.TWO","鑫創"
"6125.TWO","廣運"
"2317.TW","鴻海"
"911613.TWO","特藝"
"8105.TW","凌巨"
"1513.TW","中興電工"
"3609.TWO","東林"
"2063.TWO","世鎧"
"1337.TW","F-再生"
"8109.TWO","博大"
"1467.TW","南緯"
"3025.TW","星通"
"2359.TW","所羅門"
"4139.TWO","F-馬光"
"4102.TWO","永日"
"4739.TWO","康普"
"911622.TW","泰聚亨"
"2548.TW","華固"
"8064.TWO","東捷"
"1503.TW","士林電機"
"2454.TW","聯發科"
"5525.TW","順天"
"3285.TWO","微端"
"3315.TW","宣昶"
"3090.TW","日電貿"
"1455.TW","集盛"
"3591.TW","艾笛森"
"8099.TWO","大世科"
"8358.TWO","金居"
"3623.TWO","富晶通"
"2419.TW","仲琦"
"0081.TW","恒香港"
"9942.TW","茂順"
"8291.TWO","尚茂"
"1724.TW","台硝"
"3587.TWO","閎康"
"3697.TW","F-晨星"
"5481.TWO","華韡"
"6104.TWO","創惟"
"5511.TWO","德昌"
"0058.TW","FB發達"
"4503.TWO","金雨"
"2442.TW","新美齊"
"2360.TW","致茂"
"2012.TW","春雨工廠"
"9919.TW","康那香"
"1712.TW","興農"
"8103.TW","瀚荃"
"3114.TWO","好德"
"4976.TW","佳凌科技"
"8021.TW","尖點"
"1515.TW","力山工業"
"6275.TWO","元山"
"5475.TWO","德宏"
"4733.TW","上緯"
"2466.TW","冠西電"
"3023.TW","信邦"
"2643.TWO","捷迅"
"5905.TWO","南仁湖"
"3432.TW","台端"
"2305.TW","全友"
"4530.TWO","宏易"
"8033.TW","雷虎"
"3115.TWO","寶島極"
"8938.TWO","明安"
"3221.TWO","嘉碩"
"3701.TW","大眾控"
"4417.TWO","金洲"
"2106.TW","建大工業"
"2536.TW","宏普"
"2420.TW","新巨"
"6175.TWO","立敦"
"1582.TW","信錦"
"3035.TW","智原"
"2607.TW","榮運"
"9930.TW","中聯資源"
"6183.TW","關貿網路"
"1537.TW","廣隆光電"
"6248.TWO","沛波"
"2636.TWO","台驊"
"4752.TWO","聯超"
"9103.TW","美德醫"
"6116.TW","彩晶"
"2488.TW","漢平"
"1443.TW","立益紡織"
"5468.TWO","凱鈺"
"2327.TW","國巨"
"6169.TWO","昱泉"
"3516.TWO","亞帝歐"
"2409.TW","友達"
"4430.TWO","耀億"
"8429.TW","F-金麗"
"2514.TW","龍邦國際"
"3057.TW","喬鼎"
"3465.TWO","祥業"
"1806.TW","冠軍"
"3536.TW","誠創科技"
"4138.TWO","曜亞"
"5410.TWO","國眾"
"6243.TW","迅杰"
"911610.TW","聯環"
"1477.TW","聚陽"
"6506.TWO","雙邦"
"6211.TWO","福登"
"3687.TWO","歐買尬"
"2024.TW","志聯工業"
"9907.TW","統一實業"
"1316.TW","上曜"
"6126.TWO","信音"
"2412.TW","中華電信"
"910482.TW","聖馬丁"
"1201.TW","味全食品"
"1465.TW","偉全"
"2114.TW","鑫永銓"
"2458.TW","義隆"
"1522.TW","堤維西"
"2493.TW","揚博"
"2515.TW","中工"
"5519.TWO","隆大"
"6294.TWO","智基"
"4162.TWO","智擎"
"3669.TW","圓展科技"
"6213.TW","聯茂"
"3322.TWO","建舜電"
"2390.TW","云辰"
"8016.TW","矽創"
"2916.TWO","滿心"
"6022.TWO","大眾證"
"3383.TW","新世紀"
"2836.TW","高雄銀行"
"5907.TW","F-大洋"
"1109.TW","信大水泥"
"3128.TWO","昇銳"
"1799.TWO","紅電醫"
"6168.TW","宏齊"
"8096.TWO","擎亞"
"6134.TWO","萬旭"
"6191.TW","精成科技"
"2308.TW","台達電"
"3016.TW","嘉晶"
"9136.TW","巨騰"
"2367.TW","燿華"
"3051.TW","力特"
"2424.TW","隴華"
"5381.TWO","合正"
"5512.TWO","力麒"
"911612.TW","滬安"
"3555.TWO","擎泰"
"3652.TWO","精聯"
"2527.TW","宏璟"
"4533.TWO","協易"
"3130.TW","一零四"
"4107.TWO","邦特"
"6238.TWO","勝麗"
"3095.TWO","及成"
"9962.TWO","有益"
"3523.TWO","迎輝"
"1453.TW","大將"
"2102.TW","泰豐輪胎"
"5601.TWO","臺聯"
"5230.TWO","雷笛克"
"3265.TWO","台星科"
"2061.TWO","風青"
"9937.TW","全國加油站"
"5213.TWO","亞昕"
"1235.TW","興泰"
"5302.TWO","太欣"
"3540.TWO","曜越"
"1315.TW","達新工業"
"2023.TW","燁輝"
"1591.TWO","駿吉"
"3028.TW","增你強"
"3628.TWO","盈正"
"6225.TW","天瀚"
"2379.TW","瑞昱"
"3416.TW","融程電"
"6150.TWO","撼訊"
"2436.TW","偉詮電"
"3588.TW","通嘉"
"6223.TWO","旺矽"
"2331.TW","精英"
"3645.TW","達邁科技"
"4984.TW","F-科納"
"2883.TW","開發金"
"3257.TW","虹冠電"
"3532.TW","台勝科"
"3702.TW","大聯大"
"006205.TW","富邦上証180"
"5326.TWO","漢磊"
"1213.TW","大飲"
"3209.TW","全科科技"
"3594.TWO","磐儀"
"4130.TWO","健亞"
"2481.TW","強茂"
"3466.TWO","致振"
"3152.TWO","璟德"
"4905.TWO","台聯電"
"2617.TW","台航"
"0061.TW","寶滬深"
"9939.TW","宏全"
"2104.TW","中國橡膠"
"2380.TW","虹光"
"006203.TW","寶來摩臺基金"
"2605.TW","新興"
"2903.TW","遠東百貨"
"1809.TW","中國製釉"
"8201.TW","無敵科技"
"3014.TW","聯陽"
"2207.TW","和泰汽車"
"2881.TW","富邦金"
"1810.TW","和成欣業"
"2402.TW","毅嘉"
"3570.TWO","大塚"
"8404.TW","F-百和"
"1615.TW","大山電纜"
"1512.TW","瑞利"
"6269.TW","台郡"
"5455.TWO","訊利電"
"912398.TW","友佳國際"
"3658.TWO","漢微科"
"6208.TWO","日揚"
"2505.TW","國揚"
"3323.TWO","加百裕"
"4163.TWO","鐿鈦"
"3026.TW","禾伸堂"
"1441.TW","大東紡織"
"1225.TW","福懋油脂"
"2033.TW","佳大世界"
"6609.TWO","瀧澤"
"8066.TWO","來思達"
"910322.TW","康師傅"
"2434.TW","統懋"
"5317.TWO","凱美"
"3164.TW","景岳生技"
"911602.TW","華豐泰"
"6235.TW","華孚科技"
"6023.TWO","元大期"
"1597.TWO","直得"
"3704.TW","合勤控"
"4419.TWO","松懋"
"8097.TWO","常珵"
"6151.TWO","晉倫"
"1303.TW","南亞塑膠"
"1475.TW","本盟光電"
"910801.TW","金衛醫療"
"6135.TWO","佳營"
"3224.TWO","三顧"
"5608.TW","四維航"
"2540.TW","金尚昌"
"2357.TW","華碩"
"3061.TW","璨圓"
"9905.TW","大華金屬"
"5212.TWO","凌網"
"5301.TWO","寶得利"
"1203.TW","味王"
"6257.TW","矽格"
"6263.TWO","普萊德"
"1325.TW","恒大"
"2491.TW","吉祥全"
"3441.TWO","聯一光"
"3629.TWO","卓韋"
"6190.TWO","萬泰"
"3038.TW","全台"
"1726.TW","永記造漆"
"4306.TW","炎洲"
"4935.TW","F-茂林"
"1110.TW","東南水泥"
"9927.TW","泰銘"
"6167.TWO","久正"
"2392.TW","正崴"
"5398.TWO","力瑋"
"8155.TWO","博智"
"2539.TW","櫻花建"
"3529.TWO","力旺"
"4966.TWO","譜瑞"
"5011.TWO","久陽"
"3339.TWO","泰谷"
"8266.TWO","中日新"
"1418.TW","東華合纖"
"3452.TWO","益通"
"6207.TWO","雷科"
"8082.TWO","眾星"
"3406.TW","玉晶光"
"2369.TW","菱生"
"3313.TWO","斐成"
"4131.TWO","晶宇"
"3580.TWO","友威"
"8050.TWO","廣積"
"2468.TW","華經"
"3004.TW","豐達科技"
"5312.TWO","寶島光"
"3694.TW","海華"
"6201.TW","亞弘電"
"1704.TW","榮化"
"1463.TW","強盛染整"
"9110.TW","越南控"
"4721.TWO","美琪瑪"
"6142.TW","友勁"
"4950.TWO","牧東"
"6179.TWO","世仰"
"9935.TW","慶豐富"
"3324.TWO","雙鴻"
"6239.TW","力成"
"5014.TWO","建錩"
"3598.TW","奕力科技"
"3499.TWO","環天科"
"5340.TWO","建榮"
"3553.TWO","力積"
"5383.TWO","金利"
"1611.TW","中國電器"
"8942.TWO","森鉅"
"1313.TW","聯成"
"2375.TW","智寶"
"4535.TWO","至興"
"1416.TW","廣豐實業"
"3126.TWO","信億"
"3169.TWO","亞信"
"2008.TW","高興昌"
"1903.TW","士林紙業"
"2438.TW","英誌"
"5487.TWO","通泰"
"3541.TWO","西柏"
"3428.TWO","光燿"
"8067.TWO","志旭"
"6121.TWO","新普"
"2530.TW","華建"
"1451.TW","年興紡織"
"5269.TW","祥碩科技"
"2615.TW","萬海"
"6292.TWO","迅德"
"0051.TW","中100"
"4144.TW","F-康聯"
"1215.TW","卜蜂企業"
"8024.TWO","佑華"
"4105.TWO","東洋"
"911626.TW","華運中國"
"4736.TWO","泰博"
"1519.TW","華城電機"
"2353.TW","宏碁"
"2603.TW","長榮"
"3611.TWO","鼎翰"
"2399.TW","映泰"
"2301.TW","光寶科"
"2414.TW","精技"
"8929.TWO","富堡"
"8249.TW","菱光科技"
"5328.TWO","華容"
"5514.TWO","三豐"
"6264.TWO","德士通"
"3031.TW","佰鴻"
"2495.TW","普安"
"1473.TW","台南企業"
"5434.TW","崇越"
"4205.TWO","恆毅"
"9911.TW","台灣櫻花"
"6112.TW","聚碩"
"3556.TWO","禾瑞亞"
"2809.TW","京城銀"
"1565.TWO","精華光"
"5371.TWO","中強"
"6221.TWO","晉泰"
"912000.TW","晨訊科"
"8213.TW","志超"
"2461.TW","光群雷"
"5529.TWO","志嘉"
"6279.TWO","胡連"
"2031.TW","新光鋼鐵"
"6236.TWO","凌越"
"6120.TW","輔祥"
"2891.TW","中信金"
"5471.TW","松翰"
"1580.TWO","新麥"
"1227.TW","佳格食品"
"1593.TWO","祺驊"
"6176.TW","瑞儀"
"2323.TW","中環"
"4160.TWO","創源"
"1731.TW","美吾華"
"2387.TW","精元"
"3311.TW","閎暉"
"1301.TW","台灣塑膠"
"5356.TWO","協益"
"3227.TWO","原相"
"6020.TWO","大展證"
"5386.TWO","青雲"
"1773.TW","勝一化工"
"1507.TW","永大機電"
"3528.TWO","安馳"
"4965.TWO","商店街"
"1530.TW","亞崴電機"
"1708.TW","東鹼"
"3483.TWO","力致"
"3008.TW","大立光"
"6205.TW","詮欣"
"5013.TWO","強新"
"3498.TWO","陽程"
"8941.TWO","關中"
"2483.TW","百容"
"6021.TWO","大慶證"
"1595.TWO","川寶"
"3226.TWO","至寶"
"4420.TWO","光明"
"6250.TWO","宇加"
"911616.TW","杜康"
"2345.TW","智邦"
"8080.TWO","奧斯特"
"1323.TW","永裕"
"4534.TWO","慶騰"
"4720.TWO","德淵"
"2448.TW","晶電"
"2365.TW","昆盈"
"008201.TW","上證50"
"3526.TWO","凡甲"
"5315.TWO","光聯"
"8215.TW","明基材料"
"5384.TWO","捷元"
"9925.TW","新保"
"3455.TWO","由田"
"2377.TW","微星"
"3511.TWO","矽瑪"
"8354.TWO","冠好"
"4426.TW","利勤實業"
"8927.TWO","北基"
"5443.TWO","均豪"
"2812.TW","台中商銀"
"8110.TW","華東科技"
"1603.TW","中華電纜"
"4406.TWO","新昕"
"3576.TW","新日光"
"6122.TWO","擎邦"
"2915.TW","潤泰全球"
"2719.TWO","燦星旅"
"1102.TW","亞洲水泥"
"1532.TW","勤美"
"3211.TWO","順達"
"8410.TWO","森田"
"2311.TW","日月光"
"8913.TWO","華夏資"
"3006.TW","晶豪科"
"4909.TWO","新復興"
"8068.TWO","全達"
"3679.TW","新至陞科技"
"3297.TWO","杭特"
"5457.TWO","宣德"
"2227.TW","裕日車"
"2542.TW","興富發"
"6282.TW","康舒"
"3582.TWO","凌耀"
"1752.TWO","南光"
"1566.TWO","捷邦"
"2404.TW","漢唐"
"2905.TW","三 商 行"
"6215.TW","和椿"
"1438.TW","裕豐"
"4735.TWO","豪展"
"3354.TWO","律勝"
"6265.TWO","方土昶"
"2321.TW","東訊"
"8928.TWO","鉅明"
"2834.TW","台灣企銀"
"1613.TW","台一"
"5215.TW","F-科嘉"
"2706.TW","第一店"
"1795.TWO","美時"
"3041.TW","揚智"
"2230.TWO","泰茂"
"8341.TW","日友"
"3706.TW","神達"
"2520.TW","冠德"
"4979.TWO","華星光"
"1905.TW","中華紙漿"
"6109.TWO","亞元"
"4915.TW","致伸"
"6166.TW","凌華"
"6222.TWO","上揚"
"8426.TWO","F-紅木"
"1718.TW","中國人纖"
"3519.TW","綠能"
"3018.TW","同開"
"2856.TW","元富證券"
"0053.TW","寶電子"
"3068.TWO","美磊"
"2471.TW","資通"
"1217.TW","愛之味"
"4960.TW","奇美材料"
"6237.TWO","驊訊"
"4414.TW","如興"
"2426.TW","鼎元"
"4161.TWO","聿新"
"2613.TW","中櫃"
"2355.TW","敬鵬"
